<?xml version="1.0" encoding="UTF-8"?>
<BuildLog created="12/5/12 8:22:21 PM">
	<BuildInstance name="SelfCheckOut" path="C:\Users\Marc\Documents\uToronto\CSC301\FinalRelease\InstallerProject\InstallerProject.iap_xml">
		<BuildBegin>12/5/12 8:22:21 PM</BuildBegin>
		<BuildConfiguration Name="Default Configuration">
			<BeginTime>12/5/12 8:22:21 PM</BeginTime>
			<EndTime>12/5/12 8:22:56 PM</EndTime>
			<Script status="SUCCESS">
				<description>InstallAnywhere can not create the software identification tag because the required fields are missing under Project &gt; Software Tag</description>
			</Script>
			<InstallResources/>
			<OtherErrors>
				<Build Error type="Non-Fatal Error" description="Error finding Win32 VM pack. &quot;null&quot; Build using SunJRE160_15Win32.vm (Sun JRE 1.6.0_15 i18n Win32)."/>
				<Build Error type="Non-Fatal Error" description="Error finding Win32 VM pack. &quot;null&quot; Build using SunJRE160_15Win32.vm (Sun JRE 1.6.0_15 i18n Win32)."/>
			</OtherErrors>
			<Installers status="SUCCESS">
				<Platforms>
					<Win32NoVM output="Windows" status="SUCCESS"></Win32NoVM>
					<Win32VM output="Windows" status="SUCCESS"></Win32VM>
					<LinuxNoVM output="Linux" status="SUCCESS"></LinuxNoVM>
				</Platforms>
			</Installers>
			<BuildList/>
		</BuildConfiguration>
		<BuildEnd>12/5/12 8:22:57 PM</BuildEnd>
	</BuildInstance>
</BuildLog>
